age,annual_income,risk_profile,financial_goal,investment_horizon,health_risk,Equity,PPF,NPS,Gold,Debt
49,4211292,High,Wealth Creation,5+ years,Medium,72,10,10,7,5
57,3641196,High,Emergency Fund,< 1 year,Low,67,1,5,5,2
41,4659387,Low,Wealth Creation,1-3 years,High,12,33,10,10,26
41,1257283,Moderate,Retirement,5+ years,Low,43,19,14,15,11
25,3375400,Moderate,Retirement,< 1 year,Low,40,18,10,10,19
52,4270230,Low,Wealth Creation,1-3 years,Low,15,35,15,14,24
34,3251790,High,Wealth Creation,1-3 years,Medium,74,10,12,6,4
65,2261710,High,Wealth Creation,5+ years,Medium,66,3,6,9,0
60,3462729,High,House Purchase,< 1 year,Medium,74,2,9,7,0
38,4923165,Moderate,Emergency Fund,1-3 years,Medium,48,19,15,10,19
31,2609618,High,House Purchase,1-3 years,Low,60,10,15,9,3
40,2386782,Moderate,Retirement,5+ years,High,45,19,10,11,12
28,1534436,Moderate,Wealth Creation,< 1 year,Medium,50,19,13,13,11
36,3936853,Low,Wealth Creation,5+ years,High,13,35,13,20,29
58,3864403,High,Emergency Fund,< 1 year,Medium,79,9,8,9,0
50,3132842,High,House Purchase,1-3 years,Medium,71,3,7,8,5
47,3499670,Low,House Purchase,< 1 year,Low,15,33,19,16,27
51,3886274,Low,House Purchase,< 1 year,Medium,14,34,10,15,20
61,4693598,Moderate,Wealth Creation,5+ years,Medium,43,17,14,11,11
40,3894948,High,Wealth Creation,5+ years,Low,73,0,8,5,1
50,634237,Moderate,House Purchase,1-3 years,Low,48,15,13,10,19
33,2062378,Moderate,Retirement,< 1 year,High,41,20,14,13,20
48,3226923,High,House Purchase,< 1 year,High,64,4,14,7,0
30,1961523,Moderate,Wealth Creation,1-3 years,High,42,16,14,11,19
65,3961549,Low,Retirement,< 1 year,High,14,39,15,16,28
57,2670117,Low,House Purchase,1-3 years,High,13,31,20,15,30
22,2393093,Low,Retirement,< 1 year,Medium,20,30,17,11,29
64,2647897,High,House Purchase,5+ years,Medium,73,10,15,8,0
54,2549547,Moderate,Retirement,5+ years,High,46,19,12,12,12
22,4906341,Low,Wealth Creation,< 1 year,Low,14,34,18,13,24
47,4607598,High,House Purchase,5+ years,High,73,10,15,10,4
23,2924607,High,House Purchase,1-3 years,High,73,4,13,6,2
36,779114,High,Wealth Creation,1-3 years,Medium,61,7,8,9,1
42,403733,Moderate,House Purchase,5+ years,High,41,17,14,13,15
61,4049825,High,House Purchase,5+ years,Low,67,4,6,7,0
33,4864421,High,Emergency Fund,5+ years,Low,60,2,9,6,0
24,3434432,Low,Emergency Fund,1-3 years,Medium,17,34,20,17,28
48,1641133,Moderate,House Purchase,< 1 year,Medium,45,20,13,15,12
63,1945112,High,Emergency Fund,1-3 years,High,69,10,15,8,5
61,1211960,Moderate,House Purchase,< 1 year,Medium,50,16,10,10,19
56,1465369,Moderate,Wealth Creation,1-3 years,High,42,19,12,13,20
33,4674979,High,House Purchase,< 1 year,Low,61,0,6,9,0
65,1380022,Moderate,Wealth Creation,1-3 years,High,41,18,11,12,18
22,1231286,Low,House Purchase,5+ years,Medium,14,37,13,13,20
51,3134355,High,Retirement,1-3 years,High,68,8,9,8,3
63,4918554,Moderate,Retirement,5+ years,Low,50,15,10,14,11
58,3867659,Moderate,House Purchase,1-3 years,Low,40,19,14,11,11
45,2445475,Moderate,Wealth Creation,< 1 year,Low,49,20,14,15,11
46,4578030,High,Emergency Fund,< 1 year,Medium,71,9,5,8,0
56,3077981,High,Emergency Fund,1-3 years,Medium,79,10,12,5,2
25,1458468,High,Emergency Fund,1-3 years,Medium,65,4,5,5,1
63,3680085,High,Wealth Creation,< 1 year,High,62,0,5,8,0
46,670211,Low,Emergency Fund,5+ years,Medium,18,35,16,20,25
49,476237,High,Emergency Fund,1-3 years,Low,72,1,12,7,3
45,3291681,Moderate,Retirement,< 1 year,Medium,42,19,12,10,18
25,3518714,Moderate,House Purchase,5+ years,Medium,47,20,11,10,10
41,2482002,High,Retirement,1-3 years,Medium,64,5,13,6,5
63,3266966,High,Retirement,1-3 years,High,75,9,8,6,5
32,3317918,Moderate,Retirement,1-3 years,High,48,15,15,15,18
62,2541126,High,House Purchase,5+ years,High,69,9,6,6,3
45,4061176,High,House Purchase,5+ years,Low,72,2,11,8,0
48,4331215,Low,Retirement,1-3 years,Medium,15,34,11,11,27
50,921754,Low,Emergency Fund,< 1 year,Low,18,31,20,18,24
28,1880104,High,Retirement,1-3 years,High,63,3,10,5,5
43,1667429,Moderate,Emergency Fund,5+ years,High,45,15,14,10,20
27,2614219,Low,Emergency Fund,< 1 year,Medium,10,40,11,10,22
29,1748442,High,Wealth Creation,1-3 years,Medium,75,8,9,5,2
46,4474394,High,Wealth Creation,< 1 year,Low,76,0,11,8,2
56,2038990,Moderate,Wealth Creation,5+ years,Medium,50,15,12,14,19
56,684442,Moderate,Retirement,< 1 year,Medium,45,15,10,12,15
64,3798355,Moderate,Emergency Fund,5+ years,Medium,44,20,10,14,12
56,883129,Low,Retirement,5+ years,Low,14,33,20,17,20
47,407096,High,Retirement,1-3 years,High,69,9,13,10,3
42,4039264,High,Wealth Creation,< 1 year,High,72,7,12,9,1
36,2467483,Moderate,Wealth Creation,5+ years,Medium,47,20,10,15,13
36,3246362,High,Retirement,< 1 year,Low,75,7,14,7,3
41,486678,Moderate,Emergency Fund,< 1 year,Low,48,19,11,11,11
61,4272795,Moderate,House Purchase,1-3 years,High,42,20,15,14,13
25,670415,Moderate,Retirement,1-3 years,Low,46,16,10,12,13
53,1665754,High,Emergency Fund,< 1 year,Medium,77,8,14,5,5
54,4054233,Moderate,Wealth Creation,5+ years,Low,46,19,10,10,15
50,2640515,Low,Emergency Fund,1-3 years,Low,15,37,11,19,25
27,3559487,High,House Purchase,< 1 year,Low,76,2,11,8,1
39,4895673,Low,Wealth Creation,1-3 years,Low,20,31,19,19,29
49,319895,Low,Retirement,< 1 year,Medium,14,38,20,15,21
32,1615013,Moderate,House Purchase,< 1 year,Medium,41,18,15,11,16
41,3734679,Moderate,Emergency Fund,< 1 year,High,44,20,14,14,12
34,3423387,Moderate,Retirement,< 1 year,High,46,15,13,12,15
40,629713,High,House Purchase,5+ years,High,73,0,11,6,1
57,2725151,High,House Purchase,1-3 years,High,64,9,12,9,2
26,3611703,Low,Retirement,< 1 year,High,17,33,14,12,20
38,1094549,Low,House Purchase,5+ years,Medium,17,33,14,12,21
39,2835000,High,Wealth Creation,1-3 years,Medium,67,10,8,8,1
58,3588503,High,Retirement,< 1 year,Low,63,4,5,9,1
22,1367375,Moderate,Wealth Creation,< 1 year,Medium,42,19,11,12,14
59,2331397,Moderate,Emergency Fund,< 1 year,Low,48,17,15,10,12
59,907612,Moderate,House Purchase,5+ years,Medium,40,17,15,14,16
42,3556560,Moderate,Wealth Creation,< 1 year,High,47,18,12,12,15
31,641597,Moderate,Emergency Fund,< 1 year,High,44,17,10,14,19
63,1101090,Low,Emergency Fund,< 1 year,Low,13,34,17,14,28
42,304460,Moderate,Wealth Creation,5+ years,Low,40,17,13,14,17
62,3527274,Moderate,Emergency Fund,1-3 years,High,46,18,10,10,11
40,391072,High,Wealth Creation,< 1 year,High,62,8,5,5,0
43,1753941,Low,Wealth Creation,1-3 years,High,18,33,16,13,20
46,3318782,Moderate,Emergency Fund,5+ years,High,40,20,15,14,14
24,1786335,Low,Emergency Fund,5+ years,Low,16,30,19,17,27
63,547293,Moderate,Retirement,5+ years,Medium,48,20,15,15,10
44,4718155,High,House Purchase,5+ years,High,62,8,6,6,0
36,4964225,Low,Wealth Creation,< 1 year,Medium,15,30,14,12,24
60,3858126,High,Wealth Creation,5+ years,High,72,10,11,8,3
51,4017245,Low,House Purchase,< 1 year,Low,10,38,16,13,29
49,4464502,Low,Emergency Fund,1-3 years,High,18,34,15,12,28
41,3999167,High,House Purchase,5+ years,Low,62,9,15,10,3
41,4542232,Moderate,Wealth Creation,5+ years,High,40,19,11,12,12
39,2442192,Moderate,Retirement,< 1 year,High,41,17,12,10,13
58,430178,Moderate,Emergency Fund,5+ years,Medium,47,18,13,10,11
23,2115621,Low,Emergency Fund,5+ years,High,13,30,11,14,27
37,4971213,High,Wealth Creation,5+ years,Medium,63,4,10,8,4
44,1435896,Moderate,Emergency Fund,5+ years,High,45,15,12,10,19
39,1350082,Low,House Purchase,1-3 years,High,11,36,19,10,28
33,4828632,Low,Wealth Creation,< 1 year,Low,18,34,16,14,26
55,972014,High,Emergency Fund,5+ years,Low,69,6,9,8,2
59,4402379,Moderate,Wealth Creation,5+ years,Low,43,18,12,12,18
57,2014368,Moderate,Retirement,< 1 year,Medium,44,16,11,14,10
53,2189214,High,Retirement,< 1 year,Low,80,7,7,10,5
60,3151961,Low,Wealth Creation,5+ years,Low,11,40,13,12,21
52,4621267,Low,Wealth Creation,< 1 year,Low,13,30,18,14,22
60,4288001,High,House Purchase,5+ years,High,69,7,10,7,1
57,1805260,Low,Retirement,5+ years,Low,16,40,14,12,30
51,1260294,Moderate,House Purchase,< 1 year,Medium,41,20,14,13,15
26,4663806,Low,Retirement,1-3 years,Medium,19,35,11,17,21
39,882601,Low,Emergency Fund,1-3 years,Medium,15,39,19,17,24
63,1800033,Moderate,House Purchase,5+ years,Low,40,17,12,10,13
54,840686,High,Retirement,< 1 year,High,74,3,11,9,0
32,4750653,Low,Wealth Creation,5+ years,High,20,40,16,18,26
34,3755351,Moderate,House Purchase,< 1 year,High,43,15,12,15,12
63,907357,Low,House Purchase,< 1 year,Low,14,34,10,12,26
62,965636,High,House Purchase,5+ years,High,76,1,7,8,2
58,2582932,Low,House Purchase,< 1 year,Medium,16,39,10,12,23
59,2476776,Moderate,Emergency Fund,< 1 year,Low,49,19,10,12,17
28,3254476,Low,House Purchase,< 1 year,High,10,30,20,20,27
32,1819735,Low,House Purchase,< 1 year,High,19,35,18,11,21
42,856740,Low,Emergency Fund,< 1 year,Medium,19,40,10,20,21
53,3945247,Moderate,Retirement,< 1 year,Medium,40,18,10,12,13
30,4150620,Moderate,Wealth Creation,1-3 years,Medium,41,16,13,14,11
57,3538435,High,Emergency Fund,< 1 year,Medium,77,2,15,7,4
56,3205105,Moderate,House Purchase,1-3 years,High,45,16,15,12,19
38,1167866,Moderate,House Purchase,< 1 year,High,47,19,14,10,13
57,422304,Low,Emergency Fund,< 1 year,Medium,18,35,10,14,26
47,2298226,Low,Retirement,1-3 years,Low,13,37,14,16,22
57,1748554,Moderate,House Purchase,< 1 year,High,40,15,15,12,14
57,743669,High,Emergency Fund,< 1 year,Low,70,2,14,7,2
25,2860083,Low,Retirement,1-3 years,High,12,35,16,15,30
58,4465885,Low,Emergency Fund,5+ years,Medium,11,38,16,19,21
33,2027609,Moderate,Retirement,5+ years,High,46,15,13,15,19
64,3315164,High,Wealth Creation,5+ years,High,80,9,14,8,4
30,829294,Low,Wealth Creation,< 1 year,Medium,11,30,12,11,27
55,2446458,Moderate,Emergency Fund,1-3 years,Low,50,20,14,10,20
29,948212,Moderate,Wealth Creation,5+ years,Low,43,19,11,12,16
35,4641339,High,Emergency Fund,1-3 years,Medium,72,5,9,6,0
47,3207506,Moderate,Wealth Creation,5+ years,Low,48,19,12,15,14
57,2727859,Moderate,House Purchase,1-3 years,Low,50,15,13,11,17
55,1101435,Moderate,Wealth Creation,1-3 years,High,42,19,10,12,20
40,4613481,High,Emergency Fund,5+ years,Low,80,3,11,9,2
62,1572503,High,Emergency Fund,5+ years,High,62,2,10,10,3
47,3777110,High,House Purchase,< 1 year,Low,77,2,15,6,2
28,962389,Moderate,Emergency Fund,1-3 years,High,46,17,15,12,18
28,4711265,Low,House Purchase,< 1 year,Medium,16,39,16,15,26
46,373617,Moderate,Wealth Creation,1-3 years,Low,50,20,15,13,13
44,3020214,Low,Retirement,5+ years,Medium,13,33,17,19,24
42,2202833,Low,Wealth Creation,5+ years,High,18,34,16,10,21
25,4098113,Moderate,Emergency Fund,5+ years,High,42,19,11,14,17
53,3053365,High,Retirement,5+ years,High,65,5,9,6,1
55,4193766,Low,Wealth Creation,1-3 years,Medium,18,32,11,12,27
50,1808159,High,Wealth Creation,< 1 year,High,77,4,9,7,2
49,1306570,Low,Wealth Creation,1-3 years,High,16,31,13,15,21
62,630107,Moderate,Wealth Creation,< 1 year,Medium,49,18,13,12,12
45,2936058,Low,Retirement,5+ years,Low,13,31,11,13,26
35,1103386,Low,Retirement,1-3 years,Low,11,33,11,10,26
33,2294493,High,Wealth Creation,< 1 year,Medium,71,3,11,8,5
57,1381634,Low,Wealth Creation,5+ years,Medium,15,39,19,16,20
23,3613131,Low,Wealth Creation,5+ years,Medium,11,32,11,10,22
63,4434300,High,Retirement,< 1 year,High,65,4,11,9,2
22,4049686,Moderate,Wealth Creation,5+ years,Medium,40,20,15,12,15
40,4384302,Low,House Purchase,5+ years,Low,19,40,14,17,30
32,1963762,Moderate,Wealth Creation,1-3 years,High,41,15,13,15,12
54,1187183,Moderate,Retirement,5+ years,Low,48,18,11,12,17
27,472324,Low,Emergency Fund,1-3 years,High,12,34,20,15,29
39,3254014,Low,Emergency Fund,5+ years,Medium,10,32,15,11,20
34,828132,Low,Emergency Fund,< 1 year,High,13,30,16,13,25
28,4865507,Moderate,House Purchase,< 1 year,Low,49,19,13,14,11
52,2199647,High,Emergency Fund,5+ years,High,63,0,8,8,3
62,4192222,Moderate,House Purchase,1-3 years,High,41,16,10,13,18
48,4132743,High,Wealth Creation,< 1 year,Low,78,6,12,9,2
49,4611470,Moderate,Wealth Creation,1-3 years,Low,47,20,11,12,11
54,2243303,Low,House Purchase,5+ years,High,14,35,12,20,24
29,2896746,Low,Retirement,5+ years,Low,19,36,18,14,26
59,4300269,Moderate,Wealth Creation,1-3 years,High,41,15,11,14,19
47,2032000,Moderate,House Purchase,5+ years,Medium,41,16,10,13,17
32,2669368,Moderate,Emergency Fund,5+ years,Medium,50,17,11,11,14
42,3473457,Low,Emergency Fund,5+ years,Medium,19,35,12,19,27
61,1721600,High,Retirement,1-3 years,High,65,1,12,5,4
35,3391230,Low,Wealth Creation,1-3 years,Medium,13,30,11,19,29
25,2158711,High,Retirement,1-3 years,Low,60,8,5,9,1
48,4334666,Low,Emergency Fund,< 1 year,Medium,13,31,19,12,25
65,3366748,High,Wealth Creation,< 1 year,Medium,69,0,7,10,2
24,422731,High,Emergency Fund,5+ years,High,63,1,13,10,0
37,4495212,Low,Retirement,< 1 year,Medium,16,37,17,18,24
39,342532,Low,Retirement,5+ years,Low,19,34,10,15,27
23,2678049,High,Emergency Fund,5+ years,Medium,78,3,14,8,3
33,4660627,Low,Wealth Creation,1-3 years,High,13,31,18,15,24
57,1835166,High,Retirement,1-3 years,Low,77,6,14,8,3
61,2572721,Moderate,Retirement,5+ years,High,50,19,15,10,13
51,2453563,Moderate,Retirement,< 1 year,High,45,19,12,12,17
43,3705586,High,Emergency Fund,1-3 years,High,77,9,14,9,1
44,605746,High,Wealth Creation,< 1 year,Low,68,5,6,9,1
60,822773,Moderate,Retirement,1-3 years,High,46,18,13,11,20
30,3935881,Moderate,Retirement,< 1 year,High,48,16,15,15,18
58,905169,Moderate,Retirement,5+ years,Medium,45,19,11,10,20
30,3595397,Low,Retirement,< 1 year,Medium,11,33,18,10,22
33,2903248,Low,House Purchase,< 1 year,Medium,10,30,16,19,28
26,3970614,Low,Wealth Creation,< 1 year,High,12,39,14,16,26
40,1122035,Moderate,House Purchase,1-3 years,Low,50,15,11,12,11
24,1745189,Moderate,Wealth Creation,5+ years,High,49,15,13,10,17
57,4536941,Low,House Purchase,5+ years,High,10,31,17,15,25
37,1418074,High,Emergency Fund,5+ years,High,63,2,15,9,2
33,1506023,Moderate,Emergency Fund,< 1 year,High,41,15,11,11,12
55,3213526,Moderate,Retirement,1-3 years,Medium,47,18,10,10,18
28,2502635,High,Retirement,< 1 year,Low,65,0,11,8,0
45,830002,Low,Wealth Creation,5+ years,Low,14,31,13,17,24
51,2519846,Moderate,Wealth Creation,1-3 years,Low,50,16,14,11,20
42,2461370,Low,House Purchase,< 1 year,High,16,32,13,13,25
35,2219710,Moderate,Emergency Fund,< 1 year,Medium,45,16,14,15,13
35,2719636,Low,Emergency Fund,< 1 year,Low,11,40,14,10,21
61,1626323,High,Retirement,1-3 years,Low,74,0,6,8,1
49,3714533,Moderate,Retirement,< 1 year,Medium,49,18,15,13,11
48,4940028,High,Retirement,< 1 year,Low,73,9,10,6,1
64,1586959,Low,Retirement,< 1 year,Low,16,31,20,15,23
60,1722999,Low,Emergency Fund,< 1 year,High,17,36,19,12,25
25,2223989,Moderate,Wealth Creation,5+ years,Medium,44,20,11,15,17
27,4618278,Moderate,Wealth Creation,1-3 years,Low,50,17,11,11,11
49,825572,High,Wealth Creation,1-3 years,High,67,7,13,8,4
39,1804186,High,Emergency Fund,1-3 years,Low,74,8,10,7,1
39,4848297,High,Wealth Creation,< 1 year,High,74,3,11,8,4
31,4617680,Low,House Purchase,5+ years,Medium,16,40,18,13,20
60,1312131,Low,House Purchase,5+ years,Low,20,31,17,14,29
39,1099030,Moderate,Emergency Fund,5+ years,High,41,15,13,10,15
47,4269632,Moderate,Wealth Creation,1-3 years,Low,47,17,12,12,12
23,3134214,High,House Purchase,5+ years,High,73,3,11,8,1
42,4700790,High,Wealth Creation,5+ years,Low,73,6,14,6,0
51,2185396,Moderate,Retirement,5+ years,Low,50,17,14,12,16
33,626547,Low,Wealth Creation,5+ years,High,15,33,15,14,30
58,3285259,High,Emergency Fund,< 1 year,Medium,67,6,15,7,3
61,1683619,High,Emergency Fund,< 1 year,High,63,6,15,10,5
33,3343470,Moderate,House Purchase,1-3 years,Low,43,19,10,11,10
59,1712554,High,Wealth Creation,1-3 years,Low,65,3,5,9,0
38,638408,Low,Wealth Creation,1-3 years,High,12,38,18,14,20
65,2270325,Low,Retirement,< 1 year,Medium,14,31,17,13,25
35,2568639,High,Emergency Fund,5+ years,High,68,2,11,7,4
63,4200703,Low,Retirement,1-3 years,High,18,33,19,13,29
58,4659855,Moderate,House Purchase,5+ years,Low,48,16,11,14,12
30,557836,Low,Wealth Creation,5+ years,Low,10,38,19,17,23
41,456503,Moderate,Retirement,5+ years,Low,45,17,14,15,20
36,4085755,High,Retirement,< 1 year,Medium,74,7,5,8,1
61,4446676,Moderate,Retirement,5+ years,Low,41,15,12,11,17
62,3632239,High,Retirement,< 1 year,High,75,9,7,10,3
40,4521466,Low,House Purchase,5+ years,High,14,31,11,16,30
41,3413895,Moderate,Retirement,5+ years,Low,46,19,13,15,16
44,1033117,Moderate,House Purchase,1-3 years,Medium,44,19,15,12,17
52,319829,Low,Retirement,< 1 year,High,10,31,17,13,27
36,556505,Low,Retirement,< 1 year,Medium,13,34,11,12,21
28,2220659,High,Retirement,< 1 year,Medium,70,10,7,7,4
44,3182766,Low,House Purchase,5+ years,Medium,19,34,19,13,29
48,2042669,High,House Purchase,1-3 years,Medium,72,2,13,10,1
29,1947319,Moderate,Retirement,1-3 years,Low,49,17,13,12,16
33,3496785,High,Emergency Fund,5+ years,Low,73,3,14,10,4
41,2780652,Low,Emergency Fund,5+ years,Low,18,38,13,20,23
44,393207,High,Emergency Fund,< 1 year,High,63,8,5,7,5
45,1865152,High,House Purchase,5+ years,High,72,5,7,9,3
50,2458937,High,Retirement,1-3 years,Low,75,5,9,8,0
55,895773,Low,House Purchase,1-3 years,High,19,37,18,16,23
58,634918,Moderate,Wealth Creation,< 1 year,High,47,18,13,11,16
59,1631890,Moderate,Emergency Fund,< 1 year,Low,50,19,15,13,16
26,3753615,Low,Wealth Creation,5+ years,Medium,20,35,11,13,28
30,411544,High,House Purchase,1-3 years,High,74,4,6,7,0
59,3623902,Moderate,House Purchase,< 1 year,High,47,15,14,11,20
22,1582067,Low,House Purchase,< 1 year,Low,17,40,20,16,22
56,3348509,Low,House Purchase,1-3 years,Low,15,34,17,20,20
29,1682314,Low,Retirement,< 1 year,Low,10,39,10,19,24
43,3863923,Moderate,Wealth Creation,5+ years,High,42,19,13,13,10
28,974282,High,Wealth Creation,< 1 year,Medium,74,8,10,6,3
37,3382643,High,Emergency Fund,1-3 years,Medium,72,10,15,6,5
33,4837812,Low,House Purchase,5+ years,High,10,33,19,14,24
62,1350019,Moderate,Retirement,< 1 year,High,47,18,14,15,20
27,407652,High,Emergency Fund,5+ years,Medium,66,5,15,7,4
62,4165438,Moderate,Emergency Fund,< 1 year,Low,46,17,15,15,16
57,756118,High,House Purchase,< 1 year,Medium,76,0,7,9,4
64,2499664,Moderate,House Purchase,< 1 year,Low,50,17,11,11,17
57,464364,Low,Retirement,1-3 years,Medium,13,30,13,14,23
28,3915707,High,House Purchase,5+ years,Low,80,5,15,5,1
47,3341952,Moderate,Emergency Fund,5+ years,Medium,45,17,10,11,11
47,1720770,Low,Emergency Fund,< 1 year,High,18,32,19,13,25
35,1653981,High,Retirement,1-3 years,Medium,61,7,10,6,3
25,2454145,High,Wealth Creation,< 1 year,Low,67,6,11,5,3
26,1667322,Low,Wealth Creation,< 1 year,Medium,11,37,18,19,26
28,1697592,Moderate,Retirement,5+ years,Medium,40,16,14,11,18
24,2659779,High,House Purchase,< 1 year,Medium,66,6,6,9,5
61,3986482,Moderate,Retirement,5+ years,High,45,19,11,13,13
26,4265475,Moderate,Wealth Creation,< 1 year,Medium,49,20,14,13,11
25,2153634,Moderate,Emergency Fund,< 1 year,Medium,41,17,10,11,10
54,685874,High,House Purchase,5+ years,Low,77,2,5,6,4
33,3115532,Moderate,Wealth Creation,1-3 years,High,49,19,14,13,12
60,2428184,High,House Purchase,5+ years,Low,62,7,7,6,4
44,4453910,Low,Retirement,1-3 years,High,14,36,18,20,20
40,3940413,Moderate,Wealth Creation,< 1 year,High,44,17,13,11,17
64,441765,High,House Purchase,5+ years,Medium,74,2,5,9,4
26,3963858,Low,Wealth Creation,< 1 year,Medium,14,34,16,19,27
52,1476735,Moderate,House Purchase,< 1 year,High,45,19,10,14,14
22,430192,Low,House Purchase,5+ years,Medium,19,32,18,15,29
62,1189514,Moderate,House Purchase,5+ years,Medium,50,16,14,14,15
56,1765502,High,Retirement,5+ years,High,64,0,8,7,4
40,3859931,Low,House Purchase,5+ years,High,18,31,13,13,24
50,2250314,High,Retirement,< 1 year,High,72,0,12,9,0
45,2203005,Low,Wealth Creation,1-3 years,Low,13,31,12,13,28
49,2906157,High,Emergency Fund,< 1 year,Medium,70,6,6,8,1
48,410225,Low,Emergency Fund,< 1 year,Medium,16,36,14,17,27
46,619933,Low,House Purchase,5+ years,Medium,16,38,10,17,23
39,1702728,Low,House Purchase,< 1 year,Medium,14,38,16,15,20
45,1412859,Moderate,Retirement,< 1 year,High,43,18,11,13,13
24,4143761,Moderate,House Purchase,5+ years,Medium,41,15,15,13,18
59,4469387,Moderate,Emergency Fund,5+ years,Low,48,17,11,10,19
51,357187,Moderate,Emergency Fund,5+ years,Medium,46,19,14,15,11
22,1263411,High,House Purchase,< 1 year,Low,78,10,14,5,3
43,4510135,Moderate,Retirement,5+ years,High,49,15,15,12,20
38,572646,Low,Retirement,1-3 years,Medium,13,32,11,17,26
57,2770931,High,Retirement,< 1 year,Medium,71,5,9,6,4
31,394113,Low,House Purchase,1-3 years,Low,15,37,13,17,30
27,324917,Low,House Purchase,5+ years,Medium,15,37,11,18,29
35,2563036,High,House Purchase,5+ years,Medium,78,7,5,8,2
39,2783253,Moderate,Retirement,1-3 years,Medium,46,17,13,15,18
52,917214,High,House Purchase,< 1 year,Low,73,2,10,6,4
57,2307006,Low,Emergency Fund,5+ years,High,15,33,13,15,28
45,4132524,High,House Purchase,1-3 years,Low,61,1,12,8,4
32,1892577,High,House Purchase,< 1 year,Medium,67,7,13,7,1
42,3469407,Low,House Purchase,< 1 year,High,12,31,20,20,26
54,4933489,Low,House Purchase,1-3 years,Medium,20,39,18,10,25
64,2477458,High,Wealth Creation,< 1 year,Low,68,8,10,8,2
58,2773039,High,Emergency Fund,< 1 year,High,63,7,9,8,2
47,2505840,High,Emergency Fund,1-3 years,High,78,5,12,7,5
23,4860538,Moderate,House Purchase,5+ years,Medium,45,18,10,15,12
37,4794908,Moderate,Emergency Fund,5+ years,Low,47,20,15,11,20
50,4405387,Low,Wealth Creation,5+ years,High,17,32,20,10,27
37,1927588,High,Retirement,5+ years,High,67,9,6,6,2
58,2495930,Moderate,Emergency Fund,1-3 years,Low,44,15,10,15,11
23,2180332,Moderate,Retirement,< 1 year,Low,46,20,12,15,11
33,2743365,Moderate,Emergency Fund,5+ years,High,48,19,10,13,10
22,4887883,Low,Wealth Creation,1-3 years,Medium,12,34,10,14,27
39,1295304,Low,House Purchase,< 1 year,Low,15,33,14,15,26
34,4708602,High,House Purchase,1-3 years,Medium,69,3,12,8,0
24,1448795,High,House Purchase,< 1 year,High,71,7,9,7,4
54,3926574,Moderate,House Purchase,< 1 year,Medium,48,18,14,15,13
37,3268064,Low,Emergency Fund,< 1 year,Medium,14,38,15,16,22
27,2915505,Moderate,Retirement,1-3 years,Low,47,20,10,12,14
25,2078902,Moderate,Retirement,5+ years,Medium,50,18,13,14,12
26,1086651,Moderate,Emergency Fund,< 1 year,High,41,16,13,14,10
54,3888329,Moderate,Retirement,< 1 year,High,48,15,12,14,12
43,1745599,Low,Wealth Creation,1-3 years,High,15,34,19,11,29
26,3119653,Low,Retirement,5+ years,Medium,13,35,13,10,25
50,2793163,Low,Wealth Creation,< 1 year,Medium,17,30,11,20,25
32,3787955,High,Wealth Creation,5+ years,Medium,61,7,9,7,2
50,1865844,Moderate,Retirement,< 1 year,Low,42,15,10,15,20
22,903975,Moderate,Emergency Fund,< 1 year,Medium,42,20,11,13,20
28,1185596,Low,House Purchase,1-3 years,High,18,32,13,11,25
52,3702006,High,Wealth Creation,< 1 year,Low,69,0,11,9,1
34,1445089,High,House Purchase,1-3 years,Medium,76,8,12,5,2
22,3981418,Moderate,Retirement,< 1 year,High,49,20,11,14,11
61,1680192,Low,Wealth Creation,5+ years,High,13,33,10,10,22
25,2357097,High,Retirement,1-3 years,Medium,64,6,15,8,0
23,3860315,Low,Retirement,< 1 year,Medium,18,40,13,12,29
64,344572,Low,Wealth Creation,1-3 years,Medium,19,39,12,11,28
34,363103,High,House Purchase,5+ years,High,67,10,7,10,5
45,2576488,High,Retirement,5+ years,Low,67,7,9,6,1
42,2147020,High,Wealth Creation,< 1 year,High,61,10,12,7,0
46,2334232,Moderate,House Purchase,5+ years,High,43,18,12,13,12
25,2055678,Moderate,House Purchase,5+ years,Medium,40,15,15,15,18
31,2504323,Low,Wealth Creation,< 1 year,Medium,19,40,19,12,28
26,3298888,Low,Wealth Creation,< 1 year,Low,14,34,18,20,25
63,453351,High,Retirement,5+ years,Low,71,0,11,8,2
42,2964194,Moderate,House Purchase,5+ years,Low,49,19,12,14,14
57,1900977,High,House Purchase,5+ years,Low,67,4,6,9,1
30,3301825,Low,Wealth Creation,1-3 years,High,11,39,15,18,23
47,2432546,Low,Emergency Fund,1-3 years,Low,11,31,12,20,20
38,1570897,High,House Purchase,5+ years,Low,64,2,6,9,1
43,451428,Low,Emergency Fund,5+ years,Low,17,40,14,15,21
48,2266801,Moderate,House Purchase,5+ years,Low,45,18,10,15,11
46,4677518,Moderate,Emergency Fund,1-3 years,Low,45,18,13,12,12
27,3769935,Low,House Purchase,5+ years,Medium,16,36,18,10,25
34,4624404,Moderate,House Purchase,1-3 years,Low,46,19,13,13,10
44,1135117,Low,Retirement,< 1 year,Medium,20,30,14,13,24
44,389570,Moderate,House Purchase,< 1 year,High,50,18,14,14,19
50,4471553,High,Emergency Fund,< 1 year,High,77,0,8,5,3
38,4103973,High,House Purchase,1-3 years,Medium,73,9,5,5,1
59,1652028,Low,Emergency Fund,5+ years,Low,19,38,10,13,30
53,1598839,Low,Retirement,< 1 year,Low,19,38,19,19,21
52,3835975,High,Emergency Fund,5+ years,Low,65,5,14,6,4
33,4598060,Moderate,Retirement,1-3 years,Low,45,20,12,11,10
27,4378014,Low,Wealth Creation,< 1 year,Low,12,37,13,14,22
53,667372,Low,Retirement,5+ years,High,12,39,17,18,21
29,2146860,Moderate,Emergency Fund,< 1 year,High,41,19,15,10,16
54,979676,Moderate,Retirement,< 1 year,High,40,16,12,12,20
42,3534640,High,Wealth Creation,< 1 year,Medium,66,6,14,10,1
62,3738867,Moderate,Wealth Creation,5+ years,Low,50,18,13,15,20
23,2768214,Low,Wealth Creation,< 1 year,High,16,38,18,19,27
45,2526332,Moderate,House Purchase,5+ years,High,42,18,13,11,12
29,4200807,Low,House Purchase,< 1 year,Low,18,30,16,10,26
32,4502983,Moderate,House Purchase,< 1 year,Medium,46,16,12,12,12
61,2396354,Moderate,Wealth Creation,1-3 years,Low,46,20,12,13,19
23,3680400,Moderate,Retirement,< 1 year,Medium,42,16,10,11,12
45,980227,High,House Purchase,1-3 years,High,71,7,12,10,0
53,2611874,Moderate,Emergency Fund,5+ years,Medium,44,17,11,14,17
38,1414993,Moderate,House Purchase,1-3 years,High,41,19,15,13,19
59,3580731,Low,Wealth Creation,5+ years,Low,10,33,12,11,23
53,1980003,Low,House Purchase,1-3 years,Medium,14,32,14,13,29
22,1601805,High,Wealth Creation,5+ years,Low,66,5,14,8,3
32,3780838,Moderate,Emergency Fund,5+ years,Medium,45,15,15,10,18
40,2837284,Low,House Purchase,< 1 year,High,14,40,12,16,27
37,3486623,High,House Purchase,5+ years,High,78,4,5,10,5
56,1065002,Low,Retirement,5+ years,Low,20,38,10,12,23
44,4423400,Low,Emergency Fund,5+ years,Low,17,31,15,20,29
49,3425794,Low,Wealth Creation,5+ years,High,13,40,12,18,29
64,1831879,Low,Emergency Fund,5+ years,Low,13,37,20,19,23
22,4193078,Low,Emergency Fund,1-3 years,Medium,10,33,13,17,22
31,1956170,Moderate,Wealth Creation,5+ years,Medium,41,17,15,10,18
30,2483346,High,Emergency Fund,< 1 year,Low,75,1,12,5,4
22,4702697,High,Wealth Creation,5+ years,Medium,75,7,6,5,0
51,2899940,High,House Purchase,1-3 years,High,60,4,6,6,2
59,3356055,Low,House Purchase,5+ years,Low,13,40,16,12,25
51,1280566,Low,Retirement,< 1 year,Low,11,39,15,13,23
55,2298065,Moderate,Wealth Creation,< 1 year,High,41,15,14,12,11
44,4727344,Moderate,Wealth Creation,5+ years,Medium,46,19,15,14,16
48,2335446,High,Emergency Fund,5+ years,High,76,2,11,8,1
52,2254004,High,Wealth Creation,5+ years,Medium,79,10,15,10,2
24,3693048,High,House Purchase,1-3 years,High,65,3,7,10,5
60,3066739,Moderate,Wealth Creation,< 1 year,High,41,15,12,12,18
41,4134765,Moderate,Wealth Creation,< 1 year,High,50,15,15,13,20
65,539090,Moderate,Emergency Fund,1-3 years,Low,46,15,11,11,12
52,3902512,Moderate,Emergency Fund,< 1 year,High,44,19,14,15,17
56,3109824,High,Wealth Creation,< 1 year,Medium,67,4,14,5,4
61,3230104,Low,Wealth Creation,< 1 year,Medium,12,36,18,13,24
30,4484949,Moderate,House Purchase,1-3 years,Low,42,15,12,13,14
60,1121100,Low,Retirement,1-3 years,Medium,18,31,20,11,25
22,4793879,High,House Purchase,1-3 years,Medium,70,0,14,6,3
37,4956603,High,Retirement,< 1 year,Low,80,6,10,5,4
22,568284,Low,Emergency Fund,< 1 year,High,14,37,14,14,25
45,4084391,High,Wealth Creation,5+ years,Medium,76,4,15,10,3
62,4635552,Moderate,Wealth Creation,< 1 year,Low,49,17,14,15,19
64,1897952,High,Emergency Fund,5+ years,Medium,79,9,8,6,5
49,786188,Moderate,Emergency Fund,5+ years,High,46,15,14,11,15
22,2658136,Moderate,Retirement,5+ years,Low,43,16,11,12,19
38,4594566,Moderate,Emergency Fund,1-3 years,Medium,43,17,12,10,18
33,2289774,Low,Emergency Fund,< 1 year,Medium,10,34,13,10,29
39,871219,Low,Emergency Fund,5+ years,Low,16,32,20,14,28
43,2417619,Low,Emergency Fund,5+ years,Medium,15,30,20,12,26
58,3626633,Moderate,Wealth Creation,1-3 years,Low,48,16,14,12,19
51,2788402,Moderate,Wealth Creation,< 1 year,Low,49,18,12,11,20
60,4013177,High,House Purchase,< 1 year,High,61,8,14,9,1
26,2026231,Moderate,Retirement,5+ years,Medium,43,18,11,13,19
58,4551840,Moderate,Emergency Fund,1-3 years,Medium,41,17,14,12,20
45,1382966,High,House Purchase,< 1 year,High,74,3,9,5,5
34,1897659,Low,House Purchase,1-3 years,Low,15,34,20,15,26
32,2827495,High,Wealth Creation,1-3 years,Medium,69,10,14,10,0
31,1718814,High,Retirement,1-3 years,Low,74,10,10,6,4
31,3875050,Low,House Purchase,< 1 year,Low,14,32,11,18,28
60,4757902,High,Emergency Fund,< 1 year,Low,76,1,7,7,3
52,3898513,Moderate,Retirement,< 1 year,Low,42,17,13,10,19
24,2819444,Moderate,Wealth Creation,5+ years,High,50,20,15,13,20
33,4109138,High,Wealth Creation,< 1 year,Low,73,4,9,5,2
43,3101172,Moderate,Emergency Fund,5+ years,High,46,19,10,13,14
48,752021,Moderate,Wealth Creation,< 1 year,High,46,19,10,10,18
41,3450913,High,Emergency Fund,1-3 years,Medium,67,3,8,5,2
28,3601321,High,Emergency Fund,< 1 year,Low,73,3,5,6,2
24,4229046,Moderate,Emergency Fund,1-3 years,Medium,45,18,13,10,17
24,1986257,Low,Emergency Fund,1-3 years,High,14,38,16,11,24
39,2229077,High,Wealth Creation,5+ years,Medium,63,7,11,7,5
34,2787481,Low,Emergency Fund,5+ years,Medium,16,31,12,14,25
64,369823,High,Retirement,1-3 years,Medium,71,1,10,8,0
27,1975070,Low,Wealth Creation,1-3 years,High,14,40,20,18,26
23,4030483,Moderate,Retirement,1-3 years,Medium,49,15,13,12,11
39,4772236,Moderate,Wealth Creation,5+ years,Low,44,15,10,14,19
25,3047363,Moderate,Retirement,1-3 years,Low,48,18,10,10,10
45,3712390,High,Wealth Creation,< 1 year,Medium,71,9,14,9,2
41,899715,High,Retirement,1-3 years,Medium,70,6,11,10,0
43,1085236,High,Wealth Creation,< 1 year,Low,79,9,9,9,4
32,4504353,Moderate,House Purchase,1-3 years,Medium,47,20,15,10,16
32,2856033,Low,Emergency Fund,< 1 year,Medium,19,37,17,19,20
60,374904,High,House Purchase,< 1 year,High,62,6,10,9,3
26,676133,Moderate,Retirement,1-3 years,Medium,50,20,11,11,15
22,2727745,Low,Retirement,< 1 year,Medium,19,34,16,13,25
40,3677844,Low,House Purchase,5+ years,Medium,18,31,15,19,23
61,1794407,Moderate,Wealth Creation,< 1 year,Low,42,17,14,11,12
22,2923564,Moderate,House Purchase,1-3 years,Medium,49,15,11,12,13
53,4300353,Moderate,Emergency Fund,< 1 year,Medium,48,17,12,12,20
32,4872108,Moderate,Retirement,5+ years,High,47,16,14,14,11
38,444001,Moderate,Retirement,< 1 year,Medium,50,19,12,13,18
50,3900005,High,Retirement,5+ years,High,60,8,10,8,2
37,3639711,Moderate,Emergency Fund,5+ years,Medium,45,19,11,14,20
22,2505134,High,House Purchase,5+ years,High,71,4,8,8,2
36,975593,Moderate,Retirement,5+ years,High,50,20,10,11,15
49,385535,Low,House Purchase,1-3 years,High,19,34,11,16,27
43,4238345,Low,House Purchase,1-3 years,Low,18,36,15,17,29
22,1150971,Low,House Purchase,< 1 year,High,12,31,19,13,25
58,4992695,Moderate,Retirement,1-3 years,Medium,48,16,12,10,16
30,2197188,High,Retirement,< 1 year,Medium,66,10,5,10,5
40,2108067,High,Retirement,1-3 years,Medium,75,2,6,5,2
26,1181061,Moderate,House Purchase,1-3 years,Low,50,16,12,11,20
53,823575,High,Retirement,< 1 year,Low,67,9,14,8,0
28,4297788,Moderate,Retirement,1-3 years,High,49,15,15,11,20
38,2606174,Low,Wealth Creation,< 1 year,High,18,31,16,13,27
41,3509142,Moderate,Emergency Fund,< 1 year,High,41,20,14,10,14
36,904742,Moderate,Emergency Fund,< 1 year,High,40,16,14,11,19
41,568645,High,Emergency Fund,1-3 years,High,67,7,10,9,1
50,4845821,Moderate,House Purchase,1-3 years,Medium,50,17,10,11,15
34,1119136,Moderate,Wealth Creation,< 1 year,Medium,49,19,10,15,19
35,3743782,Low,Emergency Fund,1-3 years,Low,12,35,13,17,20
48,1388120,High,Wealth Creation,< 1 year,Low,69,7,12,7,5
34,1103821,High,Emergency Fund,< 1 year,Low,79,8,8,5,2
25,3244918,Low,House Purchase,1-3 years,Medium,17,35,17,19,28
64,3839195,Low,Emergency Fund,< 1 year,High,16,39,16,11,24
38,3809621,Low,House Purchase,5+ years,Low,11,34,20,11,27
30,2409872,Moderate,Wealth Creation,1-3 years,Medium,45,17,15,14,20
25,409929,High,Retirement,< 1 year,High,65,7,7,7,3
60,4064572,Low,Retirement,< 1 year,Medium,13,36,14,19,25
38,1406787,High,House Purchase,1-3 years,High,67,7,11,9,1
31,3629945,High,Retirement,5+ years,High,66,5,10,7,3
57,3677579,High,Wealth Creation,< 1 year,Medium,76,9,13,6,2
47,2197848,Low,House Purchase,1-3 years,High,10,32,19,10,20
26,1088141,Moderate,Retirement,5+ years,High,41,20,13,11,19
49,3770837,Low,Emergency Fund,1-3 years,High,15,40,16,10,30
32,4673826,Low,Retirement,1-3 years,Medium,14,32,11,18,27
55,2305704,High,Emergency Fund,< 1 year,Medium,60,1,8,10,2
43,761085,Low,House Purchase,5+ years,Low,10,37,18,20,23
34,4048388,High,Emergency Fund,< 1 year,Low,69,3,14,6,5
35,3146968,High,House Purchase,5+ years,Medium,64,0,13,10,5
63,2058600,Low,Retirement,1-3 years,High,13,33,18,11,30
31,4143987,Low,Emergency Fund,< 1 year,Medium,12,30,18,11,27
39,3311127,Low,House Purchase,1-3 years,Medium,20,33,13,12,29
33,1680869,High,Emergency Fund,1-3 years,High,65,1,9,7,3
58,4169874,Low,Retirement,5+ years,Low,14,31,17,19,22
37,2554005,High,Wealth Creation,5+ years,Medium,70,3,6,9,1
25,4233230,Low,Emergency Fund,5+ years,Low,17,31,14,18,24
45,362876,Low,House Purchase,1-3 years,Medium,11,35,12,19,24
22,1385783,High,Retirement,< 1 year,Low,66,5,14,6,5
39,2297187,High,Wealth Creation,1-3 years,Low,78,1,9,9,4
32,3058298,Moderate,Retirement,< 1 year,High,41,20,15,12,15
63,4305905,Moderate,Retirement,< 1 year,Medium,45,19,14,15,13
41,4320197,Low,Emergency Fund,< 1 year,Medium,14,38,13,11,28
51,4762555,High,Emergency Fund,1-3 years,Low,80,9,14,8,4
40,406658,Low,House Purchase,1-3 years,Medium,11,39,16,12,26
56,1642016,Moderate,Retirement,< 1 year,High,44,16,12,11,15
58,3544052,Moderate,Wealth Creation,5+ years,Low,45,20,10,13,17
49,4446739,Moderate,Wealth Creation,1-3 years,Medium,42,19,11,10,20
33,2002642,Low,Retirement,5+ years,Low,12,33,18,20,23
29,1857150,Moderate,Emergency Fund,1-3 years,Medium,47,17,10,10,16
30,3093192,Moderate,Retirement,< 1 year,Medium,48,18,15,13,13
47,1273974,Low,Emergency Fund,5+ years,Medium,19,36,12,18,20
22,2589662,High,Retirement,1-3 years,High,70,0,14,9,1
50,4993080,High,House Purchase,5+ years,Low,67,9,12,6,1
23,2546992,High,Retirement,5+ years,Low,73,7,11,10,4
32,4173281,High,Wealth Creation,1-3 years,Medium,64,10,7,10,3
24,4374122,High,Emergency Fund,5+ years,Low,80,9,8,7,5
33,4471386,Moderate,Wealth Creation,1-3 years,High,47,20,10,12,15
47,2730801,Low,Retirement,1-3 years,Medium,19,32,15,10,29
57,3488926,Moderate,House Purchase,< 1 year,Medium,43,18,13,12,13
44,937907,Low,Retirement,1-3 years,Medium,20,35,14,12,24
61,3879961,High,Wealth Creation,< 1 year,Low,63,8,7,7,1
48,1954889,Low,House Purchase,1-3 years,High,19,35,15,16,22
58,4966281,High,Retirement,< 1 year,High,78,7,10,6,3
52,3859031,Moderate,Wealth Creation,5+ years,Low,41,20,10,13,14
65,3549140,High,Emergency Fund,< 1 year,Medium,77,7,13,10,4
35,3821031,High,Wealth Creation,5+ years,High,71,4,14,6,5
50,2283576,High,Emergency Fund,5+ years,Medium,72,0,10,8,4
42,4476844,High,House Purchase,5+ years,Medium,72,4,6,6,0
60,2044229,Low,Wealth Creation,1-3 years,Low,20,30,18,12,29
57,2889710,High,Wealth Creation,5+ years,Medium,72,6,9,5,4
40,3053161,Low,House Purchase,5+ years,High,20,35,19,18,24
49,790072,Moderate,Wealth Creation,1-3 years,High,46,15,10,12,19
47,2192064,Moderate,Wealth Creation,< 1 year,Low,45,17,12,15,20
63,3205869,High,Retirement,1-3 years,Low,60,0,15,9,1
22,4177576,High,Wealth Creation,< 1 year,Low,60,6,5,8,5
22,4298310,High,House Purchase,5+ years,Medium,62,5,8,8,4
48,3400901,High,House Purchase,< 1 year,Medium,66,0,9,9,3
56,1359345,High,Emergency Fund,< 1 year,Medium,75,5,6,8,1
32,2314201,High,Emergency Fund,5+ years,Medium,66,0,13,9,0
45,662139,Low,Retirement,5+ years,Low,18,35,20,13,24
32,2343317,Low,Wealth Creation,< 1 year,Low,10,39,20,18,22
44,376141,High,Retirement,5+ years,High,66,1,11,6,2
61,2018756,High,Wealth Creation,< 1 year,Low,77,10,15,7,5
63,3603556,Low,Retirement,1-3 years,Medium,14,32,15,15,21
60,4331031,Moderate,Wealth Creation,5+ years,Medium,45,18,14,11,10
64,2384543,Moderate,Wealth Creation,5+ years,High,45,16,13,10,17
61,4282290,Moderate,Retirement,1-3 years,Low,41,20,12,14,14
52,2211481,Low,Emergency Fund,< 1 year,Low,15,38,20,11,20
33,1191368,Low,Retirement,5+ years,High,16,31,16,19,25
55,3287556,High,Wealth Creation,1-3 years,Medium,61,4,12,7,5
35,4631403,Moderate,Wealth Creation,1-3 years,High,49,16,15,11,12
51,4215164,Moderate,House Purchase,5+ years,High,45,19,12,14,17
55,1772248,High,Retirement,5+ years,Low,75,3,7,8,5
47,2873344,High,Retirement,< 1 year,Low,74,6,5,7,1
31,739909,Moderate,House Purchase,5+ years,High,46,20,14,10,17
39,1582268,Low,Wealth Creation,5+ years,Medium,13,38,15,12,21
50,1179195,Moderate,House Purchase,5+ years,High,40,20,13,12,10
38,2110859,High,Emergency Fund,< 1 year,High,72,1,13,5,0
25,4124230,Moderate,Retirement,< 1 year,Low,45,15,11,14,15
52,4499631,Low,Wealth Creation,1-3 years,Low,20,34,15,17,23
39,2497473,Moderate,Retirement,5+ years,Low,50,20,11,10,12
28,3336773,High,Retirement,< 1 year,Medium,75,7,10,10,0
64,1630334,Moderate,Emergency Fund,1-3 years,High,46,18,14,13,13
64,3859068,Low,Wealth Creation,1-3 years,High,19,34,12,20,27
31,2517490,Low,Retirement,1-3 years,Low,15,37,17,16,24
51,743147,High,Retirement,5+ years,Low,69,10,6,5,0
37,1111581,Low,Emergency Fund,5+ years,Low,12,33,13,20,29
39,927536,Moderate,House Purchase,< 1 year,Low,41,15,15,10,18
56,3127922,High,Wealth Creation,1-3 years,Low,77,9,5,6,4
49,1166753,Low,Wealth Creation,5+ years,Low,10,32,15,14,29
37,2727987,Low,Retirement,5+ years,High,20,40,18,14,25
28,3431672,High,Retirement,5+ years,High,63,1,15,8,3
65,2770760,Moderate,Emergency Fund,5+ years,Low,50,15,12,15,17
34,2449611,Low,Wealth Creation,1-3 years,Medium,20,38,15,13,29
40,1866099,Low,Wealth Creation,5+ years,Medium,16,30,16,12,27
45,1425263,Moderate,Wealth Creation,1-3 years,Medium,44,18,12,14,10
31,2778417,Low,Wealth Creation,5+ years,Low,15,30,13,15,24
60,2117744,Low,Emergency Fund,5+ years,Medium,19,40,20,20,23
23,2919185,Moderate,Wealth Creation,5+ years,Low,40,20,15,13,12
54,719447,High,Emergency Fund,5+ years,Low,61,0,5,5,5
62,618588,Low,Retirement,< 1 year,Medium,12,40,16,12,26
65,3248699,Moderate,Retirement,1-3 years,Low,46,18,14,11,19
52,3388691,Moderate,House Purchase,5+ years,Medium,49,18,15,13,16
25,1419264,High,Emergency Fund,1-3 years,Low,63,3,9,5,5
32,3771088,Low,Emergency Fund,5+ years,Medium,13,33,17,10,25
23,4803696,Moderate,Wealth Creation,1-3 years,Low,49,15,11,15,15
59,1521001,Moderate,Retirement,1-3 years,Medium,50,16,13,11,11
51,3783528,Moderate,Retirement,5+ years,High,49,16,12,13,12
38,1069856,Low,House Purchase,1-3 years,Medium,17,38,14,14,30
32,4225483,Moderate,House Purchase,5+ years,High,48,18,12,12,15
30,1571220,Low,Retirement,5+ years,High,16,38,12,19,23
64,3445666,Moderate,Emergency Fund,5+ years,Low,47,15,10,11,19
32,1018135,High,House Purchase,5+ years,Medium,62,1,9,9,4
59,3809453,Low,Emergency Fund,1-3 years,Medium,12,37,16,10,24
22,4764929,Low,Emergency Fund,5+ years,High,15,36,17,19,21
55,1189262,Low,House Purchase,1-3 years,Medium,10,30,13,10,20
32,1160484,Moderate,Wealth Creation,< 1 year,Medium,43,15,14,15,15
27,1119773,Low,Wealth Creation,1-3 years,Medium,14,30,16,11,26
44,995246,Low,Wealth Creation,1-3 years,Low,14,36,16,13,28
42,2742453,Low,Retirement,5+ years,Medium,15,38,10,19,25
46,407317,Moderate,House Purchase,5+ years,High,43,18,11,13,19
27,2488398,Low,Emergency Fund,5+ years,Medium,16,31,10,12,29
27,4747671,Moderate,Retirement,1-3 years,Low,45,18,11,14,14
58,2057976,Low,Retirement,5+ years,Medium,11,40,11,12,29
43,4792488,High,Emergency Fund,5+ years,Medium,67,1,14,9,3
43,1592440,High,Emergency Fund,< 1 year,Medium,61,3,6,8,5
47,2229937,Low,Retirement,1-3 years,Medium,16,40,12,11,29
44,1658373,Moderate,Emergency Fund,1-3 years,Low,47,16,12,10,14
23,305506,Moderate,House Purchase,< 1 year,Medium,43,16,14,15,12
47,2406707,Moderate,Wealth Creation,5+ years,Medium,42,17,13,12,10
37,4516691,Moderate,House Purchase,1-3 years,High,45,17,10,12,17
41,1569262,High,House Purchase,5+ years,Medium,72,3,6,8,1
32,2715258,High,Wealth Creation,1-3 years,Low,70,0,14,7,3
51,1040291,Low,House Purchase,< 1 year,Medium,19,35,18,14,29
32,2919021,Low,Emergency Fund,5+ years,Low,19,39,19,17,21
54,3913108,High,Retirement,< 1 year,Medium,74,5,14,10,3
50,777975,Moderate,Wealth Creation,5+ years,Low,43,17,15,14,11
63,1437062,Low,Retirement,< 1 year,Low,10,30,19,11,22
24,2522274,Moderate,House Purchase,< 1 year,High,44,19,12,10,20
47,513701,Moderate,Retirement,< 1 year,High,41,17,10,10,20
27,794822,Moderate,House Purchase,1-3 years,Low,48,17,14,10,19
24,4668770,High,House Purchase,1-3 years,High,70,9,5,8,4
61,854262,High,House Purchase,< 1 year,Medium,61,0,11,8,1
43,2414612,Low,Emergency Fund,1-3 years,Medium,14,39,11,12,22
64,4769700,Moderate,Retirement,< 1 year,Low,40,18,13,15,10
22,2270391,High,Retirement,< 1 year,Medium,72,1,13,8,1
45,2342205,High,Retirement,5+ years,High,78,0,11,6,1
57,4444319,Moderate,Retirement,5+ years,Medium,48,18,15,11,17
35,4018598,Low,Wealth Creation,< 1 year,High,11,33,17,16,29
49,2894863,High,House Purchase,1-3 years,Low,68,10,14,7,0
41,1633428,High,Wealth Creation,< 1 year,Low,70,2,14,7,2
63,2518629,Moderate,Retirement,1-3 years,Medium,45,17,10,13,16
26,2624227,Low,Wealth Creation,5+ years,High,17,33,19,13,21
29,4354476,High,Emergency Fund,< 1 year,Low,74,2,9,5,5
58,4898638,Moderate,Wealth Creation,< 1 year,High,46,15,12,13,11
25,4577844,High,House Purchase,1-3 years,Medium,63,0,12,5,2
32,4136863,Moderate,House Purchase,5+ years,High,46,16,12,15,16
56,3957640,Moderate,Retirement,< 1 year,Medium,40,19,11,13,10
53,4989589,Low,Wealth Creation,1-3 years,Medium,17,38,12,10,22
41,2251169,Low,House Purchase,5+ years,Low,16,33,18,12,30
59,3649152,Moderate,Emergency Fund,< 1 year,Low,45,19,15,12,13
24,3290105,High,Emergency Fund,< 1 year,High,61,7,8,6,5
24,1744960,Moderate,Wealth Creation,5+ years,Medium,43,20,15,13,12
65,1927989,Low,House Purchase,< 1 year,High,12,34,13,18,29
65,1544664,Low,Emergency Fund,< 1 year,Low,20,32,20,14,21
63,1787407,High,Emergency Fund,5+ years,High,71,5,5,5,4
60,4778029,High,Emergency Fund,5+ years,Medium,71,1,13,6,5
27,506823,High,Wealth Creation,1-3 years,Low,78,1,13,10,0
52,1061924,High,Retirement,5+ years,High,76,10,13,5,0
37,2489265,Low,House Purchase,5+ years,Medium,16,32,13,10,27
65,1442618,High,Retirement,5+ years,Low,73,4,11,5,3
56,1436256,Moderate,Emergency Fund,5+ years,High,49,15,14,10,12
45,4757547,Low,Retirement,5+ years,High,18,36,14,18,27
52,503109,High,House Purchase,1-3 years,Medium,61,8,5,9,2
42,3561619,Moderate,House Purchase,1-3 years,Medium,44,16,14,11,12
28,1554042,High,Retirement,5+ years,Medium,75,2,6,10,3
48,2445852,Low,Wealth Creation,1-3 years,Medium,19,37,15,17,30
40,4343462,Moderate,Wealth Creation,1-3 years,Medium,46,16,11,12,11
56,1160149,Moderate,House Purchase,1-3 years,Medium,43,17,13,14,12
42,2489440,Low,Emergency Fund,1-3 years,Low,17,38,19,18,23
31,1495880,High,Retirement,< 1 year,Medium,79,7,14,6,3
39,4936619,Moderate,Emergency Fund,1-3 years,Low,42,18,14,10,10
50,2821788,High,Wealth Creation,1-3 years,Low,69,5,7,6,3
32,1445913,High,House Purchase,< 1 year,Medium,73,3,9,8,0
31,4796473,Moderate,Wealth Creation,5+ years,High,48,15,12,13,16
43,2117462,High,House Purchase,< 1 year,High,77,5,8,6,0
47,3325534,Moderate,Wealth Creation,< 1 year,High,48,17,11,12,11
57,481128,High,Retirement,5+ years,Low,80,8,12,9,0
22,4195287,Low,House Purchase,1-3 years,Low,19,32,11,16,27
51,2089517,Low,Emergency Fund,5+ years,High,18,33,13,14,23
24,623973,Low,Retirement,5+ years,Low,15,38,13,17,30
58,1431596,Low,Emergency Fund,1-3 years,High,17,31,20,20,21
40,811432,Low,Retirement,1-3 years,Low,10,33,16,13,29
45,1301076,Moderate,Wealth Creation,1-3 years,High,45,17,10,11,13
33,2555787,Low,Retirement,5+ years,Low,11,34,20,13,24
39,2347862,Low,Retirement,< 1 year,High,13,32,13,18,27
24,4823373,High,Retirement,< 1 year,Low,61,5,12,9,1
22,4981670,High,Emergency Fund,5+ years,Low,61,9,11,7,4
51,793578,High,Wealth Creation,5+ years,Medium,72,2,10,5,3
47,3500027,High,Wealth Creation,1-3 years,Low,72,9,11,5,5
22,2439777,Moderate,Emergency Fund,5+ years,High,44,19,13,15,14
59,4204732,Low,Emergency Fund,1-3 years,High,10,32,20,17,24
57,500998,Low,Wealth Creation,< 1 year,High,17,37,17,10,23
22,2433334,Moderate,Emergency Fund,1-3 years,Low,47,19,10,14,15
24,4625251,Low,Retirement,5+ years,Medium,18,38,12,17,25
50,1002116,Low,House Purchase,5+ years,Medium,17,32,20,18,28
45,3560872,Low,Emergency Fund,5+ years,Low,14,35,15,16,30
59,2789928,Moderate,Retirement,5+ years,High,48,17,12,12,13
32,4118754,Moderate,House Purchase,< 1 year,High,44,17,12,11,20
38,3411835,High,House Purchase,5+ years,Medium,78,8,8,9,1
36,3328359,Moderate,Emergency Fund,5+ years,High,48,16,14,12,11
31,1956888,Low,Retirement,5+ years,Low,16,40,19,19,20
36,3385701,Moderate,Retirement,5+ years,Low,46,17,12,14,15
51,4084326,Low,Emergency Fund,1-3 years,High,12,35,19,20,22
44,4666771,Moderate,Emergency Fund,5+ years,Medium,48,20,15,11,16
55,634991,High,Wealth Creation,1-3 years,High,70,1,12,9,4
30,664979,Low,Retirement,< 1 year,Low,15,35,12,12,29
30,1740462,High,Wealth Creation,5+ years,High,64,5,13,5,0
34,3325908,High,House Purchase,< 1 year,Low,70,9,7,6,3
58,1679405,High,Emergency Fund,5+ years,Medium,66,7,12,9,0
37,1697328,Low,Retirement,1-3 years,High,13,35,17,18,26
25,4321475,Low,Wealth Creation,< 1 year,Medium,18,34,15,17,20
60,4396109,Low,Wealth Creation,< 1 year,Medium,12,34,17,13,28
43,4559069,Moderate,Wealth Creation,1-3 years,Low,41,16,11,11,14
59,1123519,Moderate,Wealth Creation,1-3 years,Medium,46,19,10,12,17
36,343950,High,Emergency Fund,5+ years,Low,75,0,10,5,2
22,791260,Moderate,Emergency Fund,1-3 years,Medium,46,17,11,13,15
44,1628093,Low,House Purchase,< 1 year,Low,19,37,19,16,21
23,2840044,High,Wealth Creation,5+ years,Medium,63,6,10,10,3
41,2830840,Moderate,Emergency Fund,5+ years,Medium,49,15,13,11,17
60,3058876,Low,House Purchase,< 1 year,Medium,15,35,15,16,23
56,3222918,Low,Retirement,< 1 year,Low,17,35,11,20,30
46,3914974,Moderate,Emergency Fund,5+ years,High,42,18,13,13,13
40,4148402,High,House Purchase,1-3 years,High,70,7,12,9,1
44,3124842,Low,Emergency Fund,5+ years,Low,14,40,12,16,23
33,1595611,Moderate,House Purchase,< 1 year,Medium,42,15,13,10,13
35,4536209,High,Wealth Creation,< 1 year,Low,79,2,9,8,0
50,3958401,High,Emergency Fund,1-3 years,Medium,77,7,13,8,5
32,3065950,Low,Wealth Creation,5+ years,High,20,35,13,20,30
28,3786999,Low,Retirement,1-3 years,Low,10,33,15,14,27
54,4732583,Low,Wealth Creation,1-3 years,High,18,39,19,12,26
32,3920949,Low,Wealth Creation,1-3 years,High,19,37,12,16,24
50,419333,Low,Retirement,1-3 years,Medium,15,40,11,12,25
62,1224635,Low,Emergency Fund,< 1 year,High,12,35,15,18,21
41,2816715,High,Retirement,< 1 year,Low,79,8,11,5,4
27,2547713,Moderate,House Purchase,< 1 year,High,48,17,13,15,19
25,4048655,High,Emergency Fund,5+ years,Medium,70,8,10,8,0
46,1812389,Low,Retirement,< 1 year,Low,13,33,18,16,29
42,3098585,High,Wealth Creation,< 1 year,Medium,62,5,12,10,2
23,3221425,High,Wealth Creation,1-3 years,High,74,3,9,6,2
63,2292682,High,Emergency Fund,5+ years,Medium,64,1,7,8,0
43,1144195,High,House Purchase,< 1 year,High,60,3,6,7,3
36,681997,High,House Purchase,1-3 years,Low,72,1,13,7,2
41,1146519,High,House Purchase,1-3 years,Medium,78,5,12,8,2
45,1328674,High,Wealth Creation,< 1 year,Medium,65,0,12,8,0
49,760558,Moderate,Wealth Creation,5+ years,Low,50,18,10,11,19
35,1414857,Low,Retirement,< 1 year,Low,15,39,20,17,29
53,1761071,High,Emergency Fund,5+ years,High,70,0,15,8,3
63,4971992,Moderate,House Purchase,1-3 years,High,49,17,14,12,13
29,606242,High,Retirement,5+ years,Medium,78,2,11,9,5
44,1660540,High,Wealth Creation,< 1 year,Medium,80,4,8,8,5
65,798534,High,Wealth Creation,1-3 years,Low,78,8,15,9,2
43,1774289,High,House Purchase,1-3 years,Low,68,6,8,5,4
63,3920950,High,Wealth Creation,< 1 year,Medium,70,1,10,8,4
35,2348369,Moderate,House Purchase,< 1 year,Medium,43,15,11,10,15
45,1400629,Moderate,Emergency Fund,1-3 years,High,50,20,15,14,12
48,609652,Moderate,Retirement,< 1 year,High,44,20,12,11,14
29,2434843,High,Wealth Creation,1-3 years,Low,62,3,11,8,1
53,4547212,Low,Emergency Fund,1-3 years,Low,12,32,13,10,24
22,3697267,Moderate,Retirement,< 1 year,Low,41,20,14,11,10
42,1408407,Low,Retirement,1-3 years,Low,16,34,10,18,21
57,1800830,High,Wealth Creation,5+ years,Medium,65,0,5,9,0
61,3042594,High,Emergency Fund,< 1 year,High,64,7,14,8,3
56,528391,High,Wealth Creation,5+ years,Medium,64,5,12,8,4
55,2485165,High,House Purchase,5+ years,High,62,10,13,5,2
46,4516259,Low,Emergency Fund,1-3 years,Low,20,37,18,19,25
60,3790485,High,House Purchase,< 1 year,High,74,10,10,10,0
22,2670615,High,House Purchase,5+ years,High,60,7,14,7,3
41,2925597,Moderate,Wealth Creation,5+ years,Low,40,15,13,10,10
63,4239380,Moderate,Retirement,< 1 year,Medium,48,18,14,14,14
36,4110133,High,House Purchase,< 1 year,Medium,76,2,11,6,3
54,1277264,Moderate,House Purchase,< 1 year,High,45,19,11,11,11
58,1928247,High,Emergency Fund,5+ years,Medium,78,5,5,9,1
63,3961529,Moderate,House Purchase,< 1 year,High,46,18,14,15,15
33,1290749,Moderate,Retirement,1-3 years,Low,47,18,13,10,16
58,2212153,High,Emergency Fund,1-3 years,Low,72,0,7,10,4
33,4897411,Moderate,Wealth Creation,5+ years,Medium,42,18,14,15,17
48,2921021,Moderate,Emergency Fund,1-3 years,High,43,15,14,14,20
46,1490348,Moderate,Emergency Fund,1-3 years,High,46,18,10,14,19
47,4583570,Low,House Purchase,5+ years,High,18,32,10,18,29
39,3585966,Low,Retirement,< 1 year,High,19,37,14,20,21
54,3891932,Low,House Purchase,5+ years,Medium,16,36,13,12,26
35,3239310,High,Retirement,< 1 year,Low,66,3,14,5,0
55,3033651,Moderate,Retirement,< 1 year,Medium,49,15,13,15,14
37,3278172,Low,Emergency Fund,1-3 years,High,12,32,11,12,27
55,4428942,Low,Emergency Fund,5+ years,High,17,37,19,17,22
42,2462204,Low,Wealth Creation,< 1 year,High,16,36,16,19,22
51,4373335,Low,Wealth Creation,5+ years,Low,14,34,18,20,30
51,4323685,High,House Purchase,1-3 years,Low,79,0,8,5,5
36,2900472,High,Emergency Fund,< 1 year,Low,69,7,15,9,3
58,4407737,Low,Retirement,< 1 year,High,14,36,19,20,29
32,941942,Moderate,Retirement,5+ years,High,50,18,11,11,10
46,4957798,High,Wealth Creation,5+ years,Medium,64,9,14,5,5
57,2361628,Low,Retirement,5+ years,Low,16,38,20,10,21
33,4396279,Moderate,Emergency Fund,1-3 years,High,46,16,11,14,17
37,3841675,High,House Purchase,1-3 years,Low,60,10,11,8,5
34,4778557,Moderate,House Purchase,< 1 year,Medium,47,20,10,11,14
30,776650,High,Emergency Fund,1-3 years,High,70,4,9,9,1
59,3624544,Moderate,House Purchase,1-3 years,High,45,16,14,11,15
49,3759734,Low,House Purchase,5+ years,Low,18,33,11,12,22
56,4955593,High,House Purchase,< 1 year,Low,66,9,13,5,1
62,2989039,Low,House Purchase,5+ years,High,16,32,13,13,21
35,3731586,High,Wealth Creation,1-3 years,High,64,7,5,5,3
32,1051194,Low,Wealth Creation,< 1 year,Low,11,35,14,19,21
44,1193023,Low,Retirement,< 1 year,Low,19,37,20,12,28
51,1115261,Moderate,Wealth Creation,5+ years,High,45,15,14,14,17
23,4750754,High,House Purchase,5+ years,Medium,66,10,12,10,4
63,3661168,Moderate,Retirement,1-3 years,High,49,20,14,11,13
28,1405925,High,Retirement,1-3 years,Medium,64,0,10,7,5
40,4637097,Moderate,Wealth Creation,1-3 years,High,46,19,12,11,15
59,1400776,High,Emergency Fund,5+ years,High,62,3,12,10,1
40,4303395,Moderate,Retirement,1-3 years,High,48,15,14,14,15
26,774760,Moderate,Emergency Fund,5+ years,Low,50,15,12,13,14
48,3638045,High,House Purchase,1-3 years,Medium,77,9,7,6,5
43,2002218,Moderate,Emergency Fund,< 1 year,Medium,50,17,11,10,16
61,684796,Moderate,Wealth Creation,1-3 years,Medium,41,18,10,12,12
29,1241809,High,Retirement,5+ years,High,65,2,11,5,5
42,1548313,High,Wealth Creation,5+ years,High,70,7,14,10,2
40,4150895,High,Retirement,< 1 year,Medium,77,3,7,7,0
32,1686300,Low,Emergency Fund,< 1 year,Low,14,37,19,19,23
60,1283992,High,Wealth Creation,< 1 year,Medium,68,3,7,5,0
48,4818638,Low,Emergency Fund,< 1 year,High,11,33,15,11,28
57,3511758,High,Wealth Creation,< 1 year,Medium,77,9,11,10,3
65,4639658,Low,Emergency Fund,1-3 years,Medium,17,37,20,15,25
23,2707911,High,Wealth Creation,5+ years,Medium,79,0,14,5,0
60,2434464,High,Emergency Fund,< 1 year,High,67,2,5,9,2
42,3659525,High,Wealth Creation,1-3 years,Low,61,9,8,10,1
55,3699135,Low,Wealth Creation,< 1 year,High,16,37,13,18,26
36,2857171,Moderate,Wealth Creation,< 1 year,Low,42,15,15,13,16
27,1203515,Moderate,Emergency Fund,1-3 years,Medium,45,19,10,14,17
23,2919408,High,Retirement,1-3 years,Medium,80,6,10,9,5
46,1063453,Low,House Purchase,5+ years,Medium,17,31,13,15,30
37,1202445,High,Wealth Creation,5+ years,Low,68,2,9,5,4
55,1905402,High,Wealth Creation,< 1 year,High,64,2,10,5,3
59,4617522,Low,House Purchase,< 1 year,High,10,37,19,10,27
58,1379745,High,Emergency Fund,< 1 year,Medium,77,9,5,5,5
52,1582755,Low,Retirement,< 1 year,Medium,18,40,17,14,29
27,3224493,Moderate,House Purchase,1-3 years,High,42,19,11,12,14
26,4877376,High,Retirement,5+ years,Low,71,9,10,5,4
29,2249293,High,Retirement,< 1 year,Medium,73,5,13,6,4
54,540972,Low,Wealth Creation,5+ years,High,14,32,14,17,28
22,2145065,Moderate,Wealth Creation,1-3 years,Low,46,18,11,13,11
61,1915554,Low,House Purchase,5+ years,Low,20,40,13,20,25
27,514880,Moderate,Emergency Fund,< 1 year,Low,50,18,15,15,20
59,426519,Moderate,House Purchase,5+ years,High,48,17,15,10,20
22,2777619,Moderate,Wealth Creation,1-3 years,High,49,19,13,13,17
23,1753360,High,Wealth Creation,1-3 years,Medium,71,9,5,6,3
43,1594935,Low,Emergency Fund,1-3 years,Low,11,34,15,15,24
30,2319142,Low,Retirement,5+ years,Medium,20,35,12,19,26
59,4906665,High,Emergency Fund,5+ years,High,64,9,7,10,4
22,2079619,Moderate,House Purchase,1-3 years,Low,41,18,10,11,11
55,4479080,Moderate,Wealth Creation,< 1 year,Medium,44,16,14,12,10
45,3087722,Moderate,Retirement,5+ years,Low,41,19,13,11,20
26,305928,Moderate,Retirement,5+ years,Low,46,16,14,11,20
43,3486356,Moderate,House Purchase,1-3 years,Medium,43,19,12,11,14
46,663781,High,Emergency Fund,1-3 years,Medium,80,10,6,7,5
44,1653263,Moderate,House Purchase,5+ years,High,50,17,14,14,12
31,2496339,Low,Emergency Fund,5+ years,Low,10,31,18,10,24
37,2887059,Low,Wealth Creation,5+ years,High,14,32,14,12,26
64,3247356,Moderate,Emergency Fund,5+ years,Low,44,16,12,13,10
30,3645086,Moderate,Emergency Fund,< 1 year,Medium,45,20,15,11,11
39,1261883,Low,House Purchase,5+ years,Low,14,31,12,11,20
49,3701236,High,Wealth Creation,< 1 year,Low,64,5,9,6,1
64,2191628,High,Retirement,< 1 year,High,67,1,13,6,5
41,2062604,Low,House Purchase,5+ years,Medium,15,34,11,10,28
62,3120485,Moderate,Retirement,1-3 years,High,50,18,14,14,20
50,653356,Low,Wealth Creation,5+ years,High,19,37,11,15,25
58,2561423,High,Retirement,< 1 year,Medium,76,1,7,7,2
54,780890,Low,Retirement,< 1 year,Low,11,35,11,12,22
55,3432172,Low,Emergency Fund,1-3 years,Medium,10,30,20,11,29
25,1614377,High,Retirement,< 1 year,High,76,7,8,8,4
47,4105111,Low,Emergency Fund,1-3 years,Low,17,37,14,14,28
63,3911696,High,Wealth Creation,< 1 year,Low,76,9,9,10,2
57,1521325,Low,Wealth Creation,5+ years,Low,17,38,14,15,20
33,4408634,High,Retirement,< 1 year,Medium,70,10,11,8,2
40,4940344,Moderate,Wealth Creation,1-3 years,High,46,18,15,11,20
55,3898470,Moderate,House Purchase,1-3 years,High,44,15,15,12,15
41,3471912,High,Retirement,< 1 year,High,66,8,9,8,2
59,4911680,Low,Retirement,5+ years,Low,16,30,17,18,21
50,4369327,High,Emergency Fund,5+ years,Medium,60,6,6,8,3
65,561030,High,Wealth Creation,1-3 years,Low,63,8,15,9,0
64,2288556,High,Retirement,< 1 year,Medium,61,7,6,6,0
35,3376714,High,Retirement,1-3 years,Medium,65,7,5,7,2
42,4032497,Moderate,Wealth Creation,< 1 year,Medium,45,20,11,14,18
31,1744552,Low,Emergency Fund,< 1 year,High,16,33,19,15,21
58,2045310,Low,Retirement,1-3 years,High,20,30,20,11,30
42,4712985,Moderate,Wealth Creation,1-3 years,Medium,47,19,10,13,18
48,1860353,High,House Purchase,< 1 year,Medium,66,0,5,5,4
34,2032117,Low,Emergency Fund,1-3 years,Medium,15,33,14,18,23
61,4904105,Moderate,Wealth Creation,< 1 year,Low,48,15,11,10,15
52,3242379,Moderate,Emergency Fund,1-3 years,Low,43,18,10,12,14
24,1123948,Moderate,Wealth Creation,< 1 year,High,40,19,14,12,10
51,3689477,Moderate,Wealth Creation,1-3 years,Low,41,20,12,10,15
49,4485371,Moderate,House Purchase,< 1 year,High,40,15,10,13,19
35,1862399,Low,Retirement,< 1 year,Medium,13,31,15,17,24
43,4631252,Moderate,House Purchase,< 1 year,High,46,16,13,10,10
38,1187527,Low,Retirement,5+ years,Medium,15,39,17,18,29
56,879881,Low,Wealth Creation,< 1 year,Low,18,35,10,20,28
55,3956209,Moderate,House Purchase,1-3 years,Low,41,20,13,15,19
22,3300557,Low,Emergency Fund,< 1 year,Low,11,39,11,15,22
56,1095678,Low,House Purchase,1-3 years,High,16,39,16,14,23
46,3015471,Low,House Purchase,1-3 years,Low,12,36,19,18,28
57,3217500,Low,Emergency Fund,< 1 year,High,11,38,20,13,20
63,3847303,High,House Purchase,1-3 years,Low,74,1,5,7,2
53,4001151,Low,Emergency Fund,5+ years,Low,20,33,13,13,27
28,4986986,High,House Purchase,1-3 years,High,65,5,5,6,1
35,4311492,Low,House Purchase,1-3 years,Medium,11,30,20,15,22
30,1800177,Moderate,House Purchase,< 1 year,Low,42,20,14,10,14
56,2743365,Low,Wealth Creation,< 1 year,High,13,33,14,13,24
32,349555,High,Emergency Fund,5+ years,Medium,65,4,5,8,5
23,3249411,High,House Purchase,1-3 years,Low,73,1,12,5,4
65,2253729,High,House Purchase,< 1 year,Low,70,5,13,5,4
47,1838277,Moderate,Emergency Fund,5+ years,High,47,16,14,14,13
34,4810316,Moderate,House Purchase,< 1 year,High,41,17,11,11,13
45,1872449,High,House Purchase,< 1 year,Medium,65,8,5,7,2
40,1992019,Moderate,Emergency Fund,5+ years,Low,50,18,13,15,18
60,3758458,Moderate,Wealth Creation,1-3 years,High,48,20,15,15,17
49,2074856,Moderate,House Purchase,5+ years,High,41,17,10,15,17
44,516038,High,Retirement,5+ years,Medium,64,3,9,5,1
29,3260765,Low,House Purchase,5+ years,Low,18,38,12,15,21
58,4205797,Low,House Purchase,1-3 years,Low,20,30,12,20,25
63,4916458,Moderate,Retirement,< 1 year,Low,50,15,12,14,14
46,3008051,Moderate,Wealth Creation,5+ years,High,46,18,12,15,19
59,4714659,Low,Retirement,1-3 years,High,17,35,18,15,26
64,3217590,High,Wealth Creation,< 1 year,Low,71,1,6,6,0
65,2919847,Low,Emergency Fund,1-3 years,High,10,37,18,17,30
30,4462026,Moderate,Retirement,1-3 years,Low,40,16,14,12,19
46,1533078,Low,Retirement,1-3 years,Low,17,37,20,14,27
39,4695916,Moderate,Retirement,1-3 years,High,49,19,11,15,17
40,4965598,High,Retirement,< 1 year,Low,70,7,12,9,4
38,4107007,High,Retirement,< 1 year,High,60,6,14,8,4
44,3603443,High,Retirement,< 1 year,Low,76,9,6,9,3
25,481285,Moderate,Emergency Fund,5+ years,Low,48,16,13,12,12
25,481926,Moderate,House Purchase,5+ years,Low,40,18,11,15,19
51,3808603,High,Retirement,1-3 years,Medium,73,7,11,7,2
24,1734884,Low,House Purchase,1-3 years,Low,13,39,18,18,20
40,3213975,Moderate,House Purchase,< 1 year,Low,44,18,13,15,12
47,3730600,Moderate,Wealth Creation,1-3 years,Low,44,16,11,15,18
32,3453455,High,Retirement,1-3 years,High,69,8,12,9,1
41,1474101,High,Wealth Creation,1-3 years,Medium,75,3,15,9,5
45,1563097,Low,Retirement,1-3 years,Medium,16,35,15,10,29
27,4127639,Low,House Purchase,< 1 year,Low,13,37,15,18,24
27,2992924,Low,Wealth Creation,< 1 year,Medium,14,34,16,18,26
59,4957184,Moderate,House Purchase,5+ years,Medium,44,15,11,13,13
48,4260532,Moderate,Emergency Fund,1-3 years,Low,43,18,15,12,12
22,1460091,Moderate,Emergency Fund,5+ years,Low,40,19,11,15,11
43,4134420,High,Retirement,1-3 years,Medium,69,2,5,10,4
25,4056392,High,Wealth Creation,< 1 year,High,74,10,7,8,1
51,617415,High,Wealth Creation,5+ years,Low,76,10,11,5,1
48,601276,High,Retirement,1-3 years,High,78,5,15,9,0
25,777060,High,Retirement,5+ years,Low,72,7,15,5,1
48,3221277,High,Emergency Fund,< 1 year,High,69,1,13,9,0
49,1086772,High,House Purchase,1-3 years,High,75,2,9,6,3
39,4858931,Low,House Purchase,5+ years,High,16,30,19,10,23
33,1928337,High,House Purchase,< 1 year,High,66,9,15,5,5
56,1817489,Low,Emergency Fund,< 1 year,Medium,18,38,14,12,23
